1	Bulbasaur	Grass	Poison	Bug	Bug	253	318	318	318	MedSlow	NotLegendary
2	Ivysaur	Grass	Poison	Bug	Bug	325	405	405	405	MedSlow	NotLegendary
3	Venusaur	Grass	Poison	Bug	Bug	425	525	525	525	MedSlow	NotLegendary
4	Charmander	Fire	Fire	Bug	Bug	249	309	309	309	MedSlow	NotLegendary
5	Charmeleon	Fire	Fire	Bug	Bug	325	405	405	405	MedSlow	NotLegendary
6	Charizard	Fire	Flying	Bug	Bug	425	534	534	534	MedSlow	NotLegendary
7	Squirtle	Water	Water	Water	Water	250	314	314	314	MedSlow	NotLegendary
8	Wartortle	Water	Water	Water	Water	325	405	405	405	MedSlow	NotLegendary
9	Blastoise	Water	Water	Water	Water	425	530	530	530	MedSlow	NotLegendary
10	Caterpie	Bug	Bug	Ice	Ice	175	195	195	195	MedFast	NotLegendary
11	Metapod	Bug	Bug	Ice	Ice	180	205	205	205	MedFast	NotLegendary
12	Butterfree	Bug	Flying	Ice	Ice	305	385	395	395	MedFast	NotLegendary
13	Weedle	Bug	Poison	Fire	Bug	175	195	195	195	MedFast	NotLegendary
14	Kakuna	Bug	Poison	Fire	Bug	180	205	205	205	MedFast	NotLegendary
15	Beedrill	Bug	Poison	Fire	Bug	305	385	395	395	MedFast	NotLegendary
16	Pidgey	Normal	Flying	Fire	Psychic	216	251	251	251	MedSlow	NotLegendary
17	Pidgeotto	Normal	Flying	Fire	Psychic	299	349	349	349	MedSlow	NotLegendary
18	Pidgeot	Normal	Flying	Fire	Psychic	399	469	479	479	MedSlow	NotLegendary
19	Rattata	Normal	Normal	Rock	Rock	218	253	253	253	MedFast	NotLegendary
20	Raticate	Normal	Normal	Rock	Rock	343	413	413	413	MedFast	NotLegendary
21	Spearow	Normal	Flying	Rock	Fighting	231	262	262	262	MedFast	NotLegendary
22	Fearow	Normal	Flying	Rock	Fighting	381	442	442	442	MedFast	NotLegendary
23	Ekans	Poison	Poison	Dark	Steel	234	288	288	288	MedFast	NotLegendary
24	Arbok	Poison	Poison	Dark	Steel	359	438	438	448	MedFast	NotLegendary
25	Pikachu	Electric	Electric	Water	Ghost	260	300	320	320	MedFast	NotLegendary
26	Raichu	Electric	Electric	Water	Ghost	395	475	485	485	MedFast	NotLegendary
27	Sandshrew	Ground	Ground	Grass	Grass	280	300	300	300	MedFast	NotLegendary
28	Sandslash	Ground	Ground	Grass	Steel	405	450	450	450	MedFast	NotLegendary
29	Nidoran♀	Poison	Poison	Fire	Fire	235	275	275	275	MedSlow	NotLegendary
30	Nidorina	Poison	Poison	Fire	Fire	310	365	365	365	MedSlow	NotLegendary
31	Nidoqueen	Poison	Ground	Fire	Fire	410	495	505	505	MedSlow	NotLegendary
32	Nidoran♂	Poison	Poison	Ghost	Ghost	233	273	273	273	MedSlow	NotLegendary
33	Nidorino	Poison	Poison	Ghost	Ghost	310	365	365	365	MedSlow	NotLegendary
34	Nidoking	Poison	Ground	Ghost	Ghost	410	495	505	505	MedSlow	NotLegendary
35	Clefairy	Fairy	Fairy	Fighting	Ground	258	323	323	323	Fast	NotLegendary
36	Clefable	Fairy	Fairy	Fighting	Ground	383	473	483	483	Fast	NotLegendary
37	Vulpix	Fire	Fire	Steel	Steel	249	299	299	299	MedFast	NotLegendary
38	Ninetales	Fire	Fire	Steel	Steel	424	505	505	505	MedFast	NotLegendary
39	Jigglypuff	Normal	Fairy	Rock	Ground	225	270	270	270	Fast	NotLegendary
40	Wigglytuff	Normal	Fairy	Rock	Ground	350	425	435	435	Fast	NotLegendary
41	Zubat	Poison	Flying	Ground	Ground	215	245	245	245	MedFast	NotLegendary
42	Golbat	Poison	Flying	Ground	Ground	390	455	455	455	MedFast	NotLegendary
43	Oddish	Grass	Poison	Flying	Flying	255	320	320	320	MedSlow	NotLegendary
44	Gloom	Grass	Poison	Flying	Flying	320	395	395	395	MedSlow	NotLegendary
45	Vileplume	Grass	Poison	Bug	Bug	390	480	490	490	MedSlow	NotLegendary
46	Paras	Bug	Grass	Ghost	Ghost	240	285	285	285	MedFast	NotLegendary
47	Parasect	Bug	Grass	Ghost	Ghost	345	405	405	405	MedFast	NotLegendary
48	Venonat	Bug	Poison	Grass	Fighting	250	305	305	305	MedFast	NotLegendary
49	Venomoth	Bug	Poison	Grass	Fighting	375	450	450	450	MedFast	NotLegendary
50	Diglett	Ground	Ground	Steel	Electric	230	265	265	265	MedFast	NotLegendary
51	Dugtrio	Ground	Ground	Steel	Electric	355	405	405	425	MedFast	NotLegendary
52	Meowth	Normal	Normal	Fighting	Fighting	250	290	290	290	MedFast	NotLegendary
53	Persian	Normal	Normal	Fighting	Electric	375	440	440	440	MedFast	NotLegendary
54	Psyduck	Water	Water	Grass	Grass	255	320	320	320	MedFast	NotLegendary
55	Golduck	Water	Water	Grass	Grass	405	500	500	500	MedFast	NotLegendary
56	Mankey	Fighting	Fighting	Electric	Electric	260	305	305	305	MedFast	NotLegendary
57	Primeape	Fighting	Fighting	Electric	Electric	385	455	455	455	MedFast	NotLegendary
58	Growlithe	Fire	Fire	Fighting	Ghost	280	350	350	350	Slow	NotLegendary
59	Arcanine	Fire	Fire	Fighting	Ghost	455	555	555	555	Slow	NotLegendary
60	Poliwag	Water	Water	Flying	Flying	260	300	300	300	MedSlow	NotLegendary
61	Poliwhirl	Water	Water	Flying	Water	335	385	385	385	MedSlow	NotLegendary
62	Poliwrath	Water	Fighting	Ghost	Ghost	410	500	510	510	MedSlow	NotLegendary
63	Abra	Psychic	Psychic	Fire	Fire	255	310	310	310	MedSlow	NotLegendary
64	Kadabra	Psychic	Psychic	Fire	Fire	330	400	400	400	MedSlow	NotLegendary
65	Alakazam	Psychic	Psychic	Fire	Fire	405	490	500	500	MedSlow	NotLegendary
66	Machop	Fighting	Fighting	Dark	Dark	270	305	305	305	MedSlow	NotLegendary
67	Machoke	Fighting	Fighting	Dark	Dark	345	405	405	405	MedSlow	NotLegendary
68	Machamp	Fighting	Fighting	Dark	Dark	420	505	505	505	MedSlow	NotLegendary
69	Bellsprout	Grass	Poison	Water	Water	270	300	300	300	MedSlow	NotLegendary
70	Weepinbell	Grass	Poison	Water	Water	345	390	390	390	MedSlow	NotLegendary
71	Victreebel	Grass	Poison	Water	Water	420	480	490	490	MedSlow	NotLegendary
72	Tentacool	Water	Poison	Bug	Bug	285	335	335	335	Slow	NotLegendary
73	Tentacruel	Water	Poison	Bug	Bug	435	515	515	515	Slow	NotLegendary
74	Geodude	Rock	Ground	Ice	Ice	270	300	300	300	MedSlow	NotLegendary
75	Graveler	Rock	Ground	Ice	Ice	345	390	390	390	MedSlow	NotLegendary
76	Golem	Rock	Ground	Ice	Ice	420	485	495	495	MedSlow	NotLegendary
77	Ponyta	Fire	Fire	Ground	Ground	345	410	410	410	MedFast	NotLegendary
78	Rapidash	Fire	Fire	Ground	Ground	420	500	500	500	MedFast	NotLegendary
79	Slowpoke	Water	Psychic	Steel	Steel	275	315	315	315	MedFast	NotLegendary
80	Slowbro	Water	Psychic	Normal	Ghost	390	490	490	490	MedFast	NotLegendary
81	Magnemite	Electric	Steel	Normal	Normal	270	325	325	325	MedFast	NotLegendary
82	Magneton	Electric	Steel	Normal	Normal	395	465	465	465	MedFast	NotLegendary
83	Farfetch'd	Normal	Flying	Dark	Flying	290	352	352	377	MedFast	NotLegendary
84	Doduo	Normal	Flying	Steel	Steel	275	310	310	310	MedFast	NotLegendary
85	Dodrio	Normal	Flying	Steel	Steel	400	460	460	470	MedFast	NotLegendary
86	Seel	Water	Water	Fire	Fire	280	325	325	325	MedFast	NotLegendary
87	Dewgong	Water	Ice	Fire	Fire	405	475	475	475	MedFast	NotLegendary
88	Grimer	Poison	Poison	Water	Water	275	325	325	325	MedFast	NotLegendary
89	Muk	Poison	Poison	Water	Water	400	500	500	500	MedFast	NotLegendary
90	Shellder	Water	Water	Rock	Rock	280	305	305	305	Slow	NotLegendary
91	Cloyster	Water	Ice	Rock	Rock	480	525	525	525	Slow	NotLegendary
92	Gastly	Ghost	Poison	Rock	Rock	275	310	310	310	MedSlow	NotLegendary
93	Haunter	Ghost	Poison	Rock	Rock	350	405	405	405	MedSlow	NotLegendary
94	Gengar	Ghost	Poison	Rock	Water	425	500	500	500	MedSlow	NotLegendary
95	Onix	Rock	Ground	Rock	Rock	340	385	385	385	MedFast	NotLegendary
96	Drowzee	Psychic	Psychic	Normal	Normal	285	328	328	328	MedFast	NotLegendary
97	Hypno	Psychic	Psychic	Normal	Bug	410	483	483	483	MedFast	NotLegendary
98	Krabby	Water	Water	Dragon	Ground	300	325	325	325	MedFast	NotLegendary
99	Kingler	Water	Water	Dragon	Ground	425	475	475	475	MedFast	NotLegendary
100	Voltorb	Electric	Electric	Poison	Poison	275	330	330	330	MedFast	NotLegendary
101	Electrode	Electric	Electric	Poison	Steel	400	480	480	490	MedFast	NotLegendary
102	Exeggcute	Grass	Psychic	Poison	Poison	280	325	325	325	Slow	NotLegendary
103	Exeggutor	Grass	Psychic	Poison	Dragon	455	520	520	530	Slow	NotLegendary
104	Cubone	Ground	Ground	Dark	Dark	270	320	320	320	MedFast	NotLegendary
105	Marowak	Ground	Ground	Dark	Dark	345	425	425	425	MedFast	NotLegendary
106	Hitmonlee	Fighting	Fighting	Water	Fire	345	455	455	455	MedFast	NotLegendary
107	Hitmonchan	Fighting	Fighting	Normal	Normal	345	455	455	455	MedFast	NotLegendary
108	Lickitung	Normal	Normal	Grass	Rock	310	385	385	385	MedFast	NotLegendary
109	Koffing	Poison	Poison	Dragon	Dragon	295	340	340	340	MedFast	NotLegendary
110	Weezing	Poison	Poison	Dragon	Dragon	420	490	490	490	MedFast	NotLegendary
111	Rhyhorn	Ground	Rock	Steel	Steel	315	345	345	345	Slow	NotLegendary
112	Rhydon	Ground	Rock	Steel	Steel	440	485	485	485	Slow	NotLegendary
113	Chansey	Normal	Normal	Electric	Electric	415	450	450	450	Fast	NotLegendary
114	Tangela	Grass	Grass	Fire	Dragon	395	435	435	435	MedFast	NotLegendary
115	Kangaskhan	Normal	Normal	Steel	Bug	410	490	490	490	MedFast	NotLegendary
116	Horsea	Water	Water	Rock	Rock	270	295	295	295	MedFast	NotLegendary
117	Seadra	Water	Water	Rock	Rock	395	440	440	440	MedFast	NotLegendary
118	Goldeen	Water	Water	Fighting	Fighting	285	320	320	320	MedFast	NotLegendary
119	Seaking	Water	Water	Fighting	Fighting	385	450	450	450	MedFast	NotLegendary
120	Staryu	Water	Water	Fighting	Fighting	285	340	340	340	Slow	NotLegendary
121	Starmie	Water	Psychic	Fighting	Fighting	435	520	520	520	Slow	NotLegendary
122	Mr. Mime	Psychic	Fairy	Dragon	Dragon	340	460	460	460	MedFast	NotLegendary
123	Scyther	Bug	Flying	Grass	Grass	420	500	500	500	MedFast	NotLegendary
124	Jynx	Ice	Psychic	Dragon	Flying	340	455	455	455	MedFast	NotLegendary
125	Electabuzz	Electric	Electric	Water	Water	395	490	490	490	MedFast	NotLegendary
126	Magmar	Fire	Fire	Fighting	Dragon	395	495	495	495	MedFast	NotLegendary
127	Pinsir	Bug	Bug	Rock	Rock	430	500	500	500	Slow	NotLegendary
128	Tauros	Normal	Normal	Dragon	Dragon	450	490	490	490	Slow	NotLegendary
129	Magikarp	Water	Water	Electric	Fire	185	200	200	200	Slow	NotLegendary
130	Gyarados	Water	Flying	Electric	Fire	480	540	540	540	Slow	NotLegendary
131	Lapras	Water	Ice	Ghost	Bug	450	535	535	535	Slow	NotLegendary
132	Ditto	Normal	Normal	Water	Steel	240	288	288	288	MedFast	NotLegendary
133	Eevee	Normal	Normal	Poison	Normal	280	325	325	325	MedFast	NotLegendary
134	Vaporeon	Water	Water	Flying	Flying	430	525	525	525	MedFast	NotLegendary
135	Jolteon	Electric	Electric	Ground	Ghost	430	525	525	525	MedFast	NotLegendary
136	Flareon	Fire	Fire	Poison	Poison	430	525	525	525	MedFast	NotLegendary
137	Porygon	Normal	Normal	Fire	Fire	310	395	395	395	MedFast	NotLegendary
138	Omanyte	Rock	Water	Water	Water	300	355	355	355	MedFast	NotLegendary
139	Omastar	Rock	Water	Water	Steel	425	495	495	495	MedFast	NotLegendary
140	Kabuto	Rock	Water	Flying	Flying	300	355	355	355	MedFast	NotLegendary
141	Kabutops	Rock	Water	Flying	Flying	430	495	495	495	MedFast	NotLegendary
142	Aerodactyl	Rock	Flying	Dark	Flying	440	515	515	515	Slow	NotLegendary
143	Snorlax	Normal	Normal	Rock	Rock	430	540	540	540	Slow	NotLegendary
144	Articuno	Ice	Flying	Flying	Flying	485	580	580	580	Slow	Legendary
145	Zapdos	Electric	Flying	Ice	Ice	490	580	580	580	Slow	Legendary
146	Moltres	Fire	Flying	Steel	Steel	495	580	580	580	Slow	Legendary
147	Dratini	Dragon	Dragon	Psychic	Psychic	250	300	300	300	Slow	NotLegendary
148	Dragonair	Dragon	Dragon	Psychic	Psychic	350	420	420	420	Slow	NotLegendary
149	Dragonite	Dragon	Flying	Psychic	Ice	500	600	600	600	Slow	NotLegendary
150	Mewtwo	Psychic	Psychic	Normal	Dragon	590	680	680	680	Slow	Legendary
151	Mew	Psychic	Psychic	Grass	Grass	500	600	600	600	MedSlow	Mythical
152	Chikorita	Grass	Grass	Grass	Ground	0	318	318	318	MedSlow	NotLegendary
153	Bayleef	Grass	Grass	Grass	Ground	0	405	405	405	MedSlow	NotLegendary
154	Meganium	Grass	Grass	Grass	Ground	0	525	525	525	MedSlow	NotLegendary
155	Cyndaquil	Fire	Fire	Dark	Dark	0	309	309	309	MedSlow	NotLegendary
156	Quilava	Fire	Fire	Dark	Dark	0	405	405	405	MedSlow	NotLegendary
157	Typhlosion	Fire	Fire	Dark	Rock	0	534	534	534	MedSlow	NotLegendary
158	Totodile	Water	Water	Ice	Ice	0	314	314	314	MedSlow	NotLegendary
159	Croconaw	Water	Water	Ice	Ice	0	405	405	405	MedSlow	NotLegendary
160	Feraligatr	Water	Water	Ice	Ice	0	530	530	530	MedSlow	NotLegendary
161	Sentret	Normal	Normal	Psychic	Bug	0	215	215	215	MedFast	NotLegendary
162	Furret	Normal	Normal	Psychic	Bug	0	415	415	415	MedFast	NotLegendary
163	Hoothoot	Normal	Flying	Ice	Bug	0	262	262	262	MedFast	NotLegendary
164	Noctowl	Normal	Flying	Ice	Bug	0	442	442	452	MedFast	NotLegendary
165	Ledyba	Bug	Flying	Normal	Normal	0	265	265	265	Fast	NotLegendary
166	Ledian	Bug	Flying	Normal	Normal	0	390	390	390	Fast	NotLegendary
167	Spinarak	Bug	Poison	Dragon	Ice	0	250	250	250	Fast	NotLegendary
168	Ariados	Bug	Poison	Dragon	Ice	0	390	390	400	Fast	NotLegendary
169	Crobat	Poison	Flying	Ground	Ground	0	535	535	535	MedFast	NotLegendary
170	Chinchou	Water	Electric	Steel	Fighting	0	330	330	330	Slow	NotLegendary
171	Lanturn	Water	Electric	Steel	Fighting	0	460	460	460	Slow	NotLegendary
172	Pichu	Electric	Electric	Water	Ghost	0	205	205	205	MedFast	NotLegendary
173	Cleffa	Fairy	Fairy	Fighting	Ground	0	218	218	218	Fast	NotLegendary
174	Igglybuff	Normal	Fairy	Rock	Rock	0	210	210	210	Fast	NotLegendary
175	Togepi	Fairy	Fairy	Psychic	Psychic	0	245	245	245	Fast	NotLegendary
176	Togetic	Fairy	Flying	Psychic	Psychic	0	405	405	405	Fast	NotLegendary
177	Natu	Psychic	Flying	Flying	Bug	0	320	320	320	MedFast	NotLegendary
178	Xatu	Psychic	Flying	Flying	Bug	0	470	470	470	MedFast	NotLegendary
179	Mareep	Electric	Electric	Poison	Ice	0	280	280	280	MedSlow	NotLegendary
180	Flaaffy	Electric	Electric	Poison	Ice	0	365	365	365	MedSlow	NotLegendary
181	Ampharos	Electric	Electric	Poison	Ice	0	500	510	510	MedSlow	NotLegendary
182	Bellossom	Grass	Grass	Dragon	Ice	0	480	490	490	MedSlow	NotLegendary
183	Marill	Water	Fairy	Rock	Rock	0	250	250	250	Fast	NotLegendary
184	Azumarill	Water	Fairy	Rock	Flying	0	410	420	420	Fast	NotLegendary
185	Sudowoodo	Rock	Rock	Psychic	Flying	0	410	410	410	MedFast	NotLegendary
186	Politoed	Water	Water	Poison	Poison	0	500	500	500	MedSlow	NotLegendary
187	Hoppip	Grass	Flying	Electric	Normal	0	250	250	250	MedSlow	NotLegendary
188	Skiploom	Grass	Flying	Electric	Normal	0	340	340	340	MedSlow	NotLegendary
189	Jumpluff	Grass	Flying	Electric	Normal	0	450	460	460	MedSlow	NotLegendary
190	Aipom	Normal	Normal	Dragon	Dragon	0	360	360	360	Fast	NotLegendary
191	Sunkern	Grass	Grass	Bug	Fighting	0	180	180	180	MedSlow	NotLegendary
192	Sunflora	Grass	Grass	Bug	Fighting	0	425	425	425	MedSlow	NotLegendary
193	Yanma	Bug	Flying	Dark	Dark	0	390	390	390	MedFast	NotLegendary
194	Wooper	Water	Ground	Water	Water	0	210	210	210	MedFast	NotLegendary
195	Quagsire	Water	Ground	Water	Water	0	430	430	430	MedFast	NotLegendary
196	Espeon	Psychic	Psychic	Ice	Rock	0	525	525	525	MedFast	NotLegendary
197	Umbreon	Dark	Dark	Steel	Steel	0	525	525	525	MedFast	NotLegendary
198	Murkrow	Dark	Flying	Grass	Grass	0	405	405	405	MedSlow	NotLegendary
199	Slowking	Water	Psychic	Electric	Fighting	0	490	490	490	MedFast	NotLegendary
200	Misdreavus	Ghost	Ghost	Grass	Grass	0	435	435	435	Fast	NotLegendary
201	Unown	Psychic	Psychic	Dragon	Dragon	0	336	336	336	MedFast	NotLegendary
202	Wobbuffet	Psychic	Psychic	Grass	Ice	0	405	405	405	MedFast	NotLegendary
203	Girafarig	Normal	Psychic	Normal	Normal	0	455	455	455	MedFast	NotLegendary
204	Pineco	Bug	Bug	Fire	Fire	0	290	290	290	MedFast	NotLegendary
205	Forretress	Bug	Steel	Fire	Fire	0	465	465	465	MedFast	NotLegendary
206	Dunsparce	Normal	Normal	Dragon	Dragon	0	415	415	415	MedFast	NotLegendary
207	Gligar	Ground	Flying	Dark	Rock	0	430	430	430	MedSlow	NotLegendary
208	Steelix	Steel	Ground	Rock	Rock	0	510	510	510	MedFast	NotLegendary
209	Snubbull	Fairy	Fairy	Bug	Bug	0	300	300	300	Fast	NotLegendary
210	Granbull	Fairy	Fairy	Bug	Bug	0	450	450	450	Fast	NotLegendary
211	Qwilfish	Water	Poison	Normal	Normal	0	430	430	440	MedFast	NotLegendary
212	Scizor	Bug	Steel	Grass	Grass	0	500	500	500	MedFast	NotLegendary
213	Shuckle	Bug	Rock	Fighting	Fighting	0	505	505	505	MedSlow	NotLegendary
214	Heracross	Bug	Fighting	Ground	Flying	0	500	500	500	Slow	NotLegendary
215	Sneasel	Dark	Ice	Flying	Fire	0	430	430	430	MedSlow	NotLegendary
216	Teddiursa	Normal	Normal	Bug	Bug	0	330	330	330	MedFast	NotLegendary
217	Ursaring	Normal	Normal	Bug	Bug	0	500	500	500	MedFast	NotLegendary
218	Slugma	Fire	Fire	Fire	Fire	0	250	250	250	MedFast	NotLegendary
219	Magcargo	Fire	Rock	Fire	Fire	0	410	410	430	MedFast	NotLegendary
220	Swinub	Ice	Ground	Rock	Rock	0	250	250	250	Slow	NotLegendary
221	Piloswine	Ice	Ground	Rock	Rock	0	450	450	450	Slow	NotLegendary
222	Corsola	Water	Rock	Ice	Ice	0	380	380	410	Fast	NotLegendary
223	Remoraid	Water	Water	Electric	Electric	0	300	300	300	MedFast	NotLegendary
224	Octillery	Water	Water	Electric	Electric	0	480	480	480	MedFast	NotLegendary
225	Delibird	Ice	Flying	Dragon	Dragon	0	330	330	330	Fast	NotLegendary
226	Mantine	Water	Flying	Ghost	Ghost	0	465	465	485	Slow	NotLegendary
227	Skarmory	Steel	Flying	Fighting	Ghost	0	465	465	465	Slow	NotLegendary
228	Houndour	Dark	Fire	Dark	Dark	0	330	330	330	Slow	NotLegendary
229	Houndoom	Dark	Fire	Dark	Dark	0	500	500	500	Slow	NotLegendary
230	Kingdra	Water	Dragon	Rock	Rock	0	540	540	540	MedFast	NotLegendary
231	Phanpy	Ground	Ground	Fire	Fire	0	330	330	330	MedFast	NotLegendary
232	Donphan	Ground	Ground	Fire	Fire	0	500	500	500	MedFast	NotLegendary
233	Porygon2	Normal	Normal	Fire	Fire	0	515	515	515	MedFast	NotLegendary
234	Stantler	Normal	Normal	Ice	Ice	0	465	465	465	Slow	NotLegendary
235	Smeargle	Normal	Normal	Dragon	Dragon	0	250	250	250	Fast	NotLegendary
236	Tyrogue	Fighting	Fighting	Dark	Dark	0	210	210	210	MedFast	NotLegendary
237	Hitmontop	Fighting	Fighting	Water	Water	0	455	455	455	MedFast	NotLegendary
238	Smoochum	Ice	Psychic	Dragon	Flying	0	305	305	305	MedFast	NotLegendary
239	Elekid	Electric	Electric	Water	Water	0	360	360	360	MedFast	NotLegendary
240	Magby	Fire	Fire	Fighting	Fighting	0	365	365	365	MedFast	NotLegendary
241	Miltank	Normal	Normal	Rock	Fighting	0	490	490	490	Slow	NotLegendary
242	Blissey	Normal	Normal	Electric	Ghost	0	540	540	540	Fast	NotLegendary
243	Raikou	Electric	Electric	Steel	Steel	0	580	580	580	Slow	Legendary
244	Entei	Fire	Fire	Ground	Ground	0	580	580	580	Slow	Legendary
245	Suicune	Water	Water	Ground	Flying	0	580	580	580	Slow	Legendary
246	Larvitar	Rock	Ground	Ghost	Dragon	0	300	300	300	Slow	NotLegendary
247	Pupitar	Rock	Ground	Ghost	Dragon	0	410	410	410	Slow	NotLegendary
248	Tyranitar	Rock	Dark	Ghost	Dragon	0	600	600	600	Slow	NotLegendary
249	Lugia	Psychic	Flying	Normal	Ground	0	680	680	680	Slow	Legendary
250	Ho-Oh	Fire	Flying	Ice	Ice	0	680	680	680	Slow	Legendary
251	Celebi	Psychic	Grass	Steel	Flying	0	600	600	600	MedSlow	Mythical
252	Treecko	Grass	Grass	Ice	Ice	0	310	310	310	MedSlow	NotLegendary
253	Grovyle	Grass	Grass	Ice	Ice	0	405	405	405	MedSlow	NotLegendary
254	Sceptile	Grass	Grass	Ice	Dragon	0	530	530	530	MedSlow	NotLegendary
255	Torchic	Fire	Fire	Grass	Grass	0	310	310	310	MedSlow	NotLegendary
256	Combusken	Fire	Fighting	Grass	Grass	0	405	405	405	MedSlow	NotLegendary
257	Blaziken	Fire	Fighting	Grass	Grass	0	530	530	530	MedSlow	NotLegendary
258	Mudkip	Water	Water	Ghost	Ghost	0	310	310	310	MedSlow	NotLegendary
259	Marshtomp	Water	Ground	Ghost	Ghost	0	405	405	405	MedSlow	NotLegendary
260	Swampert	Water	Ground	Ghost	Ice	0	535	535	535	MedSlow	NotLegendary
261	Poochyena	Dark	Dark	Ice	Ice	0	220	220	220	MedFast	NotLegendary
262	Mightyena	Dark	Dark	Ice	Ice	0	420	420	420	MedFast	NotLegendary
263	Zigzagoon	Normal	Normal	Steel	Water	0	240	240	240	MedFast	NotLegendary
264	Linoone	Normal	Normal	Steel	Water	0	420	420	420	MedFast	NotLegendary
265	Wurmple	Bug	Bug	Water	Water	0	195	195	195	MedFast	NotLegendary
266	Silcoon	Bug	Bug	Steel	Steel	0	205	205	205	MedFast	NotLegendary
267	Beautifly	Bug	Flying	Steel	Fighting	0	385	395	395	MedFast	NotLegendary
268	Cascoon	Bug	Bug	Normal	Fighting	0	205	205	205	MedFast	NotLegendary
269	Dustox	Bug	Poison	Normal	Fighting	0	385	385	385	MedFast	NotLegendary
270	Lotad	Water	Grass	Steel	Steel	0	220	220	220	MedSlow	NotLegendary
271	Lombre	Water	Grass	Steel	Steel	0	340	340	340	MedSlow	NotLegendary
272	Ludicolo	Water	Grass	Steel	Steel	0	480	480	480	MedSlow	NotLegendary
273	Seedot	Grass	Grass	Poison	Poison	0	220	220	220	MedSlow	NotLegendary
274	Nuzleaf	Grass	Dark	Poison	Poison	0	340	340	340	MedSlow	NotLegendary
275	Shiftry	Grass	Dark	Poison	Poison	0	480	480	480	MedSlow	NotLegendary
276	Taillow	Normal	Flying	Bug	Normal	0	270	270	270	MedSlow	NotLegendary
277	Swellow	Normal	Flying	Bug	Normal	0	430	430	455	MedSlow	NotLegendary
278	Wingull	Water	Flying	Fire	Normal	0	270	270	270	MedFast	NotLegendary
279	Pelipper	Water	Flying	Fire	Normal	0	430	430	440	MedFast	NotLegendary
280	Ralts	Psychic	Fairy	Ghost	Dark	0	198	198	198	Slow	NotLegendary
281	Kirlia	Psychic	Fairy	Ghost	Dark	0	278	278	278	Slow	NotLegendary
282	Gardevoir	Psychic	Fairy	Dark	Dark	0	518	518	518	Slow	NotLegendary
283	Surskit	Bug	Water	Electric	Electric	0	269	269	269	MedFast	NotLegendary
284	Masquerain	Bug	Flying	Electric	Electric	0	414	414	454	MedFast	NotLegendary
285	Shroomish	Grass	Grass	Water	Water	0	295	295	295	Fluctuating	NotLegendary
286	Breloom	Grass	Fighting	Water	Psychic	0	460	460	460	Fluctuating	NotLegendary
287	Slakoth	Normal	Normal	Ground	Ground	0	280	280	280	Slow	NotLegendary
288	Vigoroth	Normal	Normal	Ground	Ground	0	440	440	440	Slow	NotLegendary
289	Slaking	Normal	Normal	Ground	Ground	0	670	670	670	Slow	NotLegendary
290	Nincada	Bug	Ground	Water	Psychic	0	266	266	266	Erratic	NotLegendary
291	Ninjask	Bug	Flying	Dark	Grass	0	456	456	456	Erratic	NotLegendary
292	Shedinja	Bug	Ghost	Dark	Normal	0	236	236	236	Erratic	Shedinja
293	Whismur	Normal	Normal	Steel	Steel	0	240	240	240	MedSlow	NotLegendary
294	Loudred	Normal	Normal	Steel	Steel	0	360	360	360	MedSlow	NotLegendary
295	Exploud	Normal	Normal	Steel	Steel	0	480	490	490	MedSlow	NotLegendary
296	Makuhita	Fighting	Fighting	Fire	Water	0	237	237	237	Fluctuating	NotLegendary
297	Hariyama	Fighting	Fighting	Fire	Water	0	474	474	474	Fluctuating	NotLegendary
298	Azurill	Normal	Fairy	Rock	Rock	0	190	190	190	Fast	NotLegendary
299	Nosepass	Rock	Rock	Normal	Normal	0	375	375	375	MedFast	NotLegendary
300	Skitty	Normal	Normal	Steel	Steel	0	260	260	260	Fast	NotLegendary
301	Delcatty	Normal	Normal	Steel	Dark	0	380	380	400	Fast	NotLegendary
302	Sableye	Dark	Ghost	Poison	Fighting	0	380	380	380	MedSlow	NotLegendary
303	Mawile	Steel	Fairy	Psychic	Psychic	0	380	380	380	Fast	NotLegendary
304	Aron	Steel	Rock	Bug	Ground	0	330	330	330	Slow	NotLegendary
305	Lairon	Steel	Rock	Bug	Ground	0	430	430	430	Slow	NotLegendary
306	Aggron	Steel	Rock	Bug	Ground	0	530	530	530	Slow	NotLegendary
307	Meditite	Fighting	Psychic	Steel	Rock	0	280	280	280	MedFast	NotLegendary
308	Medicham	Fighting	Psychic	Steel	Rock	0	410	410	410	MedFast	NotLegendary
309	Electrike	Electric	Electric	Grass	Grass	0	295	295	295	Slow	NotLegendary
310	Manectric	Electric	Electric	Grass	Ground	0	475	475	475	Slow	NotLegendary
311	Plusle	Electric	Electric	Dragon	Ice	0	405	405	405	MedFast	NotLegendary
312	Minun	Electric	Electric	Ghost	Dark	0	405	405	405	MedFast	NotLegendary
313	Volbeat	Bug	Bug	Fire	Flying	0	400	400	430	Erratic	NotLegendary
314	Illumise	Bug	Bug	Poison	Poison	0	400	400	430	Fluctuating	NotLegendary
315	Roselia	Grass	Poison	Dark	Dark	0	400	400	400	MedSlow	NotLegendary
316	Gulpin	Poison	Poison	Bug	Bug	0	302	302	302	Fluctuating	NotLegendary
317	Swalot	Poison	Poison	Bug	Bug	0	467	467	467	Fluctuating	NotLegendary
318	Carvanha	Water	Dark	Flying	Flying	0	305	305	305	Slow	NotLegendary
319	Sharpedo	Water	Dark	Flying	Flying	0	460	460	460	Slow	NotLegendary
320	Wailmer	Water	Water	Bug	Bug	0	400	400	400	Fluctuating	NotLegendary
321	Wailord	Water	Water	Bug	Bug	0	500	500	500	Fluctuating	NotLegendary
322	Numel	Fire	Ground	Fire	Fighting	0	305	305	305	MedFast	NotLegendary
323	Camerupt	Fire	Ground	Fire	Fighting	0	460	460	460	MedFast	NotLegendary
324	Torkoal	Fire	Fire	Electric	Electric	0	470	470	470	MedFast	NotLegendary
325	Spoink	Psychic	Psychic	Steel	Steel	0	330	330	330	Fast	NotLegendary
326	Grumpig	Psychic	Psychic	Steel	Steel	0	470	470	470	Fast	NotLegendary
327	Spinda	Normal	Normal	Ghost	Ghost	0	360	360	360	Fast	NotLegendary
328	Trapinch	Ground	Ground	Ice	Ice	0	290	290	290	MedSlow	NotLegendary
329	Vibrava	Ground	Dragon	Ice	Ice	0	340	340	340	MedSlow	NotLegendary
330	Flygon	Ground	Dragon	Ice	Ice	0	520	520	520	MedSlow	NotLegendary
331	Cacnea	Grass	Grass	Steel	Steel	0	335	335	335	MedSlow	NotLegendary
332	Cacturne	Grass	Dark	Steel	Steel	0	475	475	475	MedSlow	NotLegendary
333	Swablu	Normal	Flying	Fire	Dark	0	310	310	310	Erratic	NotLegendary
334	Altaria	Dragon	Flying	Fire	Dark	0	490	490	490	Erratic	NotLegendary
335	Zangoose	Normal	Normal	Normal	Rock	0	458	458	458	Erratic	NotLegendary
336	Seviper	Poison	Poison	Normal	Rock	0	458	458	458	Fluctuating	NotLegendary
337	Lunatone	Rock	Psychic	Dragon	Dragon	0	440	440	460	Fast	NotLegendary
338	Solrock	Rock	Psychic	Ghost	Bug	0	440	440	460	Fast	NotLegendary
339	Barboach	Water	Ground	Normal	Normal	0	288	288	288	MedFast	NotLegendary
340	Whiscash	Water	Ground	Normal	Normal	0	468	468	468	MedFast	NotLegendary
341	Corphish	Water	Water	Fire	Fire	0	308	308	308	Fluctuating	NotLegendary
342	Crawdaunt	Water	Dark	Fire	Fire	0	468	468	468	Fluctuating	NotLegendary
343	Baltoy	Ground	Psychic	Psychic	Psychic	0	300	300	300	MedFast	NotLegendary
344	Claydol	Ground	Psychic	Psychic	Psychic	0	500	500	500	MedFast	NotLegendary
345	Lileep	Rock	Grass	Rock	Rock	0	355	355	355	Erratic	NotLegendary
346	Cradily	Rock	Grass	Rock	Normal	0	495	495	495	Erratic	NotLegendary
347	Anorith	Rock	Bug	Water	Water	0	355	355	355	Erratic	NotLegendary
348	Armaldo	Rock	Bug	Water	Water	0	495	495	495	Erratic	NotLegendary
349	Feebas	Water	Water	Fire	Fighting	0	200	200	200	Erratic	NotLegendary
350	Milotic	Water	Water	Fire	Fighting	0	540	540	540	Erratic	NotLegendary
351	Castform	Normal	Normal	Fighting	Fighting	0	420	420	420	MedFast	NotLegendary
352	Kecleon	Normal	Normal	Ground	Dark	0	440	440	440	MedSlow	NotLegendary
353	Shuppet	Ghost	Ghost	Fire	Fire	0	295	295	295	Fast	NotLegendary
354	Banette	Ghost	Ghost	Fire	Poison	0	455	455	455	Fast	NotLegendary
355	Duskull	Ghost	Ghost	Bug	Bug	0	295	295	295	Fast	NotLegendary
356	Dusclops	Ghost	Ghost	Bug	Bug	0	455	455	455	Fast	NotLegendary
357	Tropius	Grass	Flying	Water	Bug	0	460	460	460	Slow	NotLegendary
358	Chimecho	Psychic	Psychic	Ice	Steel	0	425	425	455	Fast	NotLegendary
359	Absol	Dark	Dark	Bug	Bug	0	465	465	465	MedSlow	NotLegendary
360	Wynaut	Psychic	Psychic	Grass	Ice	0	260	260	260	MedFast	NotLegendary
361	Snorunt	Ice	Ice	Normal	Normal	0	300	300	300	MedFast	NotLegendary
362	Glalie	Ice	Ice	Dragon	Dragon	0	480	480	480	MedFast	NotLegendary
363	Spheal	Ice	Water	Poison	Poison	0	290	290	290	MedSlow	NotLegendary
364	Sealeo	Ice	Water	Poison	Poison	0	410	410	410	MedSlow	NotLegendary
365	Walrein	Ice	Water	Poison	Poison	0	530	530	530	MedSlow	NotLegendary
366	Clamperl	Water	Water	Electric	Electric	0	345	345	345	Erratic	NotLegendary
367	Huntail	Water	Water	Fire	Fire	0	485	485	485	Erratic	NotLegendary
368	Gorebyss	Water	Water	Poison	Poison	0	485	485	485	Erratic	NotLegendary
369	Relicanth	Water	Rock	Psychic	Psychic	0	485	485	485	Slow	NotLegendary
370	Luvdisc	Water	Water	Bug	Fire	0	330	330	330	Fast	NotLegendary
371	Bagon	Dragon	Dragon	Fighting	Fighting	0	300	300	300	Slow	NotLegendary
372	Shelgon	Dragon	Dragon	Fighting	Fighting	0	420	420	420	Slow	NotLegendary
373	Salamence	Dragon	Flying	Fighting	Fighting	0	600	600	600	Slow	NotLegendary
374	Beldum	Steel	Psychic	Water	Ghost	0	300	300	300	Slow	NotLegendary
375	Metang	Steel	Psychic	Water	Ghost	0	420	420	420	Slow	NotLegendary
376	Metagross	Steel	Psychic	Water	Ghost	0	600	600	600	Slow	NotLegendary
377	Regirock	Rock	Rock	Grass	Grass	0	580	580	580	Slow	Legendary
378	Regice	Ice	Ice	Flying	Flying	0	580	580	580	Slow	Legendary
379	Registeel	Steel	Steel	Steel	Dark	0	580	580	580	Slow	Legendary
380	Latias	Dragon	Psychic	Poison	Poison	0	600	600	600	Slow	Legendary
381	Latios	Dragon	Psychic	Ground	Ground	0	600	600	600	Slow	Legendary
382	Kyogre	Water	Water	Grass	Grass	0	670	670	670	Slow	Legendary
383	Groudon	Ground	Ground	Fighting	Grass	0	670	670	670	Slow	Legendary
384	Rayquaza	Dragon	Flying	Normal	Normal	0	680	680	680	Slow	Legendary
385	Jirachi	Steel	Psychic	Dragon	Dragon	0	600	600	600	Slow	Mythical
386	Deoxys	Psychic	Psychic	Grass	Grass	0	600	600	600	Slow	Mythical
387	Turtwig	Grass	Grass	Grass	Bug	0	318	318	318	MedSlow	NotLegendary
388	Grotle	Grass	Grass	Grass	Bug	0	405	405	405	MedSlow	NotLegendary
389	Torterra	Grass	Ground	Grass	Bug	0	525	525	525	MedSlow	NotLegendary
390	Chimchar	Fire	Fire	Flying	Flying	0	309	309	309	MedSlow	NotLegendary
391	Monferno	Fire	Fighting	Flying	Flying	0	405	405	405	MedSlow	NotLegendary
392	Infernape	Fire	Fighting	Flying	Flying	0	534	534	534	MedSlow	NotLegendary
393	Piplup	Water	Water	Psychic	Psychic	0	314	314	314	MedSlow	NotLegendary
394	Prinplup	Water	Water	Psychic	Psychic	0	405	405	405	MedSlow	NotLegendary
395	Empoleon	Water	Steel	Psychic	Bug	0	530	530	530	MedSlow	NotLegendary
396	Starly	Normal	Flying	Rock	Rock	0	245	245	245	MedSlow	NotLegendary
397	Staravia	Normal	Flying	Rock	Rock	0	340	340	340	MedSlow	NotLegendary
398	Staraptor	Normal	Flying	Rock	Psychic	0	475	485	485	MedSlow	NotLegendary
399	Bidoof	Normal	Normal	Flying	Fire	0	250	250	250	MedFast	NotLegendary
400	Bibarel	Normal	Water	Flying	Fire	0	410	410	410	MedFast	NotLegendary
401	Kricketot	Bug	Bug	Electric	Electric	0	194	194	194	MedSlow	NotLegendary
402	Kricketune	Bug	Bug	Electric	Electric	0	384	384	384	MedSlow	NotLegendary
403	Shinx	Electric	Electric	Grass	Grass	0	263	263	263	MedSlow	NotLegendary
404	Luxio	Electric	Electric	Grass	Grass	0	363	363	363	MedSlow	NotLegendary
405	Luxray	Electric	Electric	Grass	Grass	0	523	523	523	MedSlow	NotLegendary
406	Budew	Grass	Poison	Dark	Dark	0	280	280	280	MedSlow	NotLegendary
407	Roserade	Grass	Poison	Dark	Dark	0	505	515	515	MedSlow	NotLegendary
408	Cranidos	Rock	Rock	Ice	Ice	0	350	350	350	Erratic	NotLegendary
409	Rampardos	Rock	Rock	Ice	Ice	0	495	495	495	Erratic	NotLegendary
410	Shieldon	Rock	Steel	Flying	Flying	0	350	350	350	Erratic	NotLegendary
411	Bastiodon	Rock	Steel	Flying	Flying	0	495	495	495	Erratic	NotLegendary
412	Burmy	Bug	Bug	Bug	Water	0	224	224	224	MedFast	NotLegendary
413	Wormadam	Bug	Grass	Dragon	Dragon	0	424	424	424	MedFast	NotLegendary
414	Mothim	Bug	Flying	Rock	Ground	0	424	424	424	MedFast	NotLegendary
415	Combee	Bug	Flying	Ghost	Normal	0	244	244	244	MedSlow	NotLegendary
416	Vespiquen	Bug	Flying	Ghost	Normal	0	474	474	474	MedSlow	NotLegendary
417	Pachirisu	Electric	Electric	Psychic	Psychic	0	405	405	405	MedFast	NotLegendary
418	Buizel	Water	Water	Electric	Electric	0	330	330	330	MedFast	NotLegendary
419	Floatzel	Water	Water	Electric	Steel	0	495	495	495	MedFast	NotLegendary
420	Cherubi	Grass	Grass	Flying	Flying	0	275	275	275	MedFast	NotLegendary
421	Cherrim	Grass	Grass	Flying	Fighting	0	450	450	450	MedFast	NotLegendary
422	Shellos	Water	Water	Ground	Water	0	325	325	325	MedFast	NotLegendary
423	Gastrodon	Water	Ground	Ground	Water	0	475	475	475	MedFast	NotLegendary
424	Ambipom	Normal	Normal	Dragon	Ground	0	482	482	482	Fast	NotLegendary
425	Drifloon	Ghost	Flying	Ghost	Ghost	0	348	348	348	Fluctuating	NotLegendary
426	Drifblim	Ghost	Flying	Ghost	Ghost	0	498	498	498	Fluctuating	NotLegendary
427	Buneary	Normal	Normal	Ghost	Ghost	0	350	350	350	MedFast	NotLegendary
428	Lopunny	Normal	Normal	Ghost	Ghost	0	480	480	480	MedFast	NotLegendary
429	Mismagius	Ghost	Ghost	Grass	Grass	0	495	495	495	Fast	NotLegendary
430	Honchkrow	Dark	Flying	Grass	Grass	0	505	505	505	MedSlow	NotLegendary
431	Glameow	Normal	Normal	Fighting	Fighting	0	310	310	310	Fast	NotLegendary
432	Purugly	Normal	Normal	Fighting	Fighting	0	452	452	452	Fast	NotLegendary
433	Chingling	Psychic	Psychic	Ice	Steel	0	285	285	285	Fast	NotLegendary
434	Stunky	Poison	Dark	Water	Water	0	329	329	329	MedFast	NotLegendary
435	Skuntank	Poison	Dark	Water	Water	0	479	479	479	MedFast	NotLegendary
436	Bronzor	Steel	Psychic	Grass	Fire	0	300	300	300	MedFast	NotLegendary
437	Bronzong	Steel	Psychic	Grass	Fire	0	500	500	500	MedFast	NotLegendary
438	Bonsly	Rock	Rock	Psychic	Psychic	0	290	290	290	MedFast	NotLegendary
439	Mime Jr.	Psychic	Fairy	Dragon	Dragon	0	310	310	310	MedFast	NotLegendary
440	Happiny	Normal	Normal	Electric	Electric	0	220	220	220	Fast	NotLegendary
441	Chatot	Normal	Flying	Normal	Normal	0	411	411	411	MedSlow	NotLegendary
442	Spiritomb	Ghost	Dark	Fire	Electric	0	485	485	485	MedFast	NotLegendary
443	Gible	Dragon	Ground	Ground	Ground	0	300	300	300	Slow	NotLegendary
444	Gabite	Dragon	Ground	Ground	Fighting	0	410	410	410	Slow	NotLegendary
445	Garchomp	Dragon	Ground	Ground	Fighting	0	600	600	600	Slow	NotLegendary
446	Munchlax	Normal	Normal	Rock	Rock	0	390	390	390	Slow	NotLegendary
447	Riolu	Fighting	Fighting	Ghost	Dark	0	285	285	285	MedSlow	NotLegendary
448	Lucario	Fighting	Steel	Ghost	Dark	0	525	525	525	MedSlow	NotLegendary
449	Hippopotas	Ground	Ground	Flying	Flying	0	330	330	330	Slow	NotLegendary
450	Hippowdon	Ground	Ground	Flying	Rock	0	525	525	525	Slow	NotLegendary
451	Skorupi	Poison	Bug	Ice	Ice	0	330	330	330	Slow	NotLegendary
452	Drapion	Poison	Dark	Ice	Ice	0	500	500	500	Slow	NotLegendary
453	Croagunk	Poison	Fighting	Bug	Steel	0	300	300	300	MedFast	NotLegendary
454	Toxicroak	Poison	Fighting	Bug	Steel	0	490	490	490	MedFast	NotLegendary
455	Carnivine	Grass	Grass	Dragon	Dragon	0	454	454	454	Slow	NotLegendary
456	Finneon	Water	Water	Flying	Ice	0	330	330	330	Erratic	NotLegendary
457	Lumineon	Water	Water	Flying	Ice	0	460	460	460	Erratic	NotLegendary
458	Mantyke	Water	Flying	Ghost	Ghost	0	345	345	345	Slow	NotLegendary
459	Snover	Grass	Ice	Fire	Fire	0	334	334	334	Slow	NotLegendary
460	Abomasnow	Grass	Ice	Fire	Fire	0	494	494	494	Slow	NotLegendary
461	Weavile	Dark	Ice	Flying	Fire	0	510	510	510	MedSlow	NotLegendary
462	Magnezone	Electric	Steel	Normal	Normal	0	535	535	535	MedFast	NotLegendary
463	Lickilicky	Normal	Normal	Grass	Rock	0	515	515	515	MedFast	NotLegendary
464	Rhyperior	Ground	Rock	Steel	Steel	0	535	535	535	Slow	NotLegendary
465	Tangrowth	Grass	Grass	Fire	Dragon	0	535	535	535	MedFast	NotLegendary
466	Electivire	Electric	Electric	Water	Water	0	540	540	540	MedFast	NotLegendary
467	Magmortar	Fire	Fire	Fighting	Dragon	0	540	540	540	MedFast	NotLegendary
468	Togekiss	Fairy	Flying	Psychic	Psychic	0	545	545	545	Fast	NotLegendary
469	Yanmega	Bug	Flying	Dark	Dragon	0	515	515	515	MedFast	NotLegendary
470	Leafeon	Grass	Grass	Grass	Poison	0	525	525	525	MedFast	NotLegendary
471	Glaceon	Ice	Ice	Poison	Grass	0	525	525	525	MedFast	NotLegendary
472	Gliscor	Ground	Flying	Dark	Rock	0	510	510	510	MedSlow	NotLegendary
473	Mamoswine	Ice	Ground	Rock	Rock	0	530	530	530	Slow	NotLegendary
474	Porygon-Z	Normal	Normal	Fire	Fire	0	535	535	535	MedFast	NotLegendary
475	Gallade	Psychic	Fighting	Normal	Ice	0	518	518	518	Slow	NotLegendary
476	Probopass	Rock	Steel	Normal	Normal	0	525	525	525	MedFast	NotLegendary
477	Dusknoir	Ghost	Ghost	Bug	Bug	0	525	525	525	Fast	NotLegendary
478	Froslass	Ice	Ghost	Fire	Dragon	0	480	480	480	MedFast	NotLegendary
479	Rotom	Electric	Ghost	Normal	Bug	0	440	440	440	MedFast	NotLegendary
480	Uxie	Psychic	Psychic	Rock	Grass	0	580	580	580	Slow	Legendary
481	Mesprit	Psychic	Psychic	Fire	Steel	0	580	580	580	Slow	Legendary
482	Azelf	Psychic	Psychic	Steel	Steel	0	580	580	580	Slow	Legendary
483	Dialga	Steel	Dragon	Fighting	Rock	0	680	680	680	Slow	Legendary
484	Palkia	Water	Dragon	Ghost	Ghost	0	680	680	680	Slow	Legendary
485	Heatran	Fire	Steel	Grass	Grass	0	600	600	600	Slow	Legendary
486	Regigigas	Normal	Normal	Poison	Poison	0	670	670	670	Slow	Legendary
487	Giratina	Ghost	Dragon	Psychic	Psychic	0	680	680	680	Slow	Legendary
488	Cresselia	Psychic	Psychic	Electric	Electric	0	600	600	600	Slow	Legendary
489	Phione	Water	Water	Steel	Steel	0	480	480	480	Slow	Mythical
490	Manaphy	Water	Water	Rock	Water	0	600	600	600	Slow	Mythical
491	Darkrai	Dark	Dark	Steel	Steel	0	600	600	600	Slow	Mythical
492	Shaymin	Grass	Grass	Poison	Rock	0	600	600	600	MedSlow	Mythical
493	Arceus	Normal	Normal	Electric	Ice	0	720	720	720	Slow	Mythical
494	Victini	Psychic	Fire	???	???	0	600	600	600	Slow	Mythical
495	Snivy	Grass	Grass	???	???	0	308	308	308	MedSlow	NotLegendary
496	Servine	Grass	Grass	???	???	0	413	413	413	MedSlow	NotLegendary
497	Serperior	Grass	Grass	???	???	0	528	528	528	MedSlow	NotLegendary
498	Tepig	Fire	Fire	???	???	0	308	308	308	MedSlow	NotLegendary
499	Pignite	Fire	Fighting	???	???	0	418	418	418	MedSlow	NotLegendary
500	Emboar	Fire	Fighting	???	???	0	528	528	528	MedSlow	NotLegendary
501	Oshawott	Water	Water	???	???	0	308	308	308	MedSlow	NotLegendary
502	Dewott	Water	Water	???	???	0	413	413	413	MedSlow	NotLegendary
503	Samurott	Water	Water	???	???	0	528	528	528	MedSlow	NotLegendary
504	Patrat	Normal	Normal	???	???	0	255	255	255	MedFast	NotLegendary
505	Watchog	Normal	Normal	???	???	0	420	420	420	MedFast	NotLegendary
506	Lillipup	Normal	Normal	???	???	0	275	275	275	MedSlow	NotLegendary
507	Herdier	Normal	Normal	???	???	0	370	370	370	MedSlow	NotLegendary
508	Stoutland	Normal	Normal	???	???	0	490	500	500	MedSlow	NotLegendary
509	Purrloin	Dark	Dark	???	???	0	281	281	281	MedFast	NotLegendary
510	Liepard	Dark	Dark	???	???	0	446	446	446	MedFast	NotLegendary
511	Pansage	Grass	Grass	???	???	0	316	316	316	MedFast	NotLegendary
512	Simisage	Grass	Grass	???	???	0	498	498	498	MedFast	NotLegendary
513	Pansear	Fire	Fire	???	???	0	316	316	316	MedFast	NotLegendary
514	Simisear	Fire	Fire	???	???	0	498	498	498	MedFast	NotLegendary
515	Panpour	Water	Water	???	???	0	316	316	316	MedFast	NotLegendary
516	Simipour	Water	Water	???	???	0	498	498	498	MedFast	NotLegendary
517	Munna	Psychic	Psychic	???	???	0	292	292	292	Fast	NotLegendary
518	Musharna	Psychic	Psychic	???	???	0	487	487	487	Fast	NotLegendary
519	Pidove	Normal	Flying	???	???	0	264	264	264	MedSlow	NotLegendary
520	Tranquill	Normal	Flying	???	???	0	358	358	358	MedSlow	NotLegendary
521	Unfezant	Normal	Flying	???	???	0	478	488	488	MedSlow	NotLegendary
522	Blitzle	Electric	Electric	???	???	0	295	295	295	MedFast	NotLegendary
523	Zebstrika	Electric	Electric	???	???	0	497	497	497	MedFast	NotLegendary
524	Roggenrola	Rock	Rock	???	???	0	280	280	280	MedSlow	NotLegendary
525	Boldore	Rock	Rock	???	???	0	390	390	390	MedSlow	NotLegendary
526	Gigalith	Rock	Rock	???	???	0	505	515	515	MedSlow	NotLegendary
527	Woobat	Psychic	Flying	???	???	0	313	313	323	MedFast	NotLegendary
528	Swoobat	Psychic	Flying	???	???	0	425	425	425	MedFast	NotLegendary
529	Drilbur	Ground	Ground	???	???	0	328	328	328	MedFast	NotLegendary
530	Excadrill	Ground	Steel	???	???	0	508	508	508	MedFast	NotLegendary
531	Audino	Normal	Normal	???	???	0	445	445	445	Fast	NotLegendary
532	Timburr	Fighting	Fighting	???	???	0	305	305	305	MedSlow	NotLegendary
533	Gurdurr	Fighting	Fighting	???	???	0	405	405	405	MedSlow	NotLegendary
534	Conkeldurr	Fighting	Fighting	???	???	0	505	505	505	MedSlow	NotLegendary
535	Tympole	Water	Water	???	???	0	294	294	294	MedSlow	NotLegendary
536	Palpitoad	Water	Ground	???	???	0	384	384	384	MedSlow	NotLegendary
537	Seismitoad	Water	Ground	???	???	0	499	509	509	MedSlow	NotLegendary
538	Throh	Fighting	Fighting	???	???	0	465	465	465	MedFast	NotLegendary
539	Sawk	Fighting	Fighting	???	???	0	465	465	465	MedFast	NotLegendary
540	Sewaddle	Bug	Grass	???	???	0	310	310	310	MedSlow	NotLegendary
541	Swadloon	Bug	Grass	???	???	0	380	380	380	MedSlow	NotLegendary
542	Leavanny	Bug	Grass	???	???	0	490	500	500	MedSlow	NotLegendary
543	Venipede	Bug	Poison	???	???	0	260	260	260	MedSlow	NotLegendary
544	Whirlipede	Bug	Poison	???	???	0	360	360	360	MedSlow	NotLegendary
545	Scolipede	Bug	Poison	???	???	0	475	485	485	MedSlow	NotLegendary
546	Cottonee	Grass	Fairy	???	???	0	280	280	280	MedFast	NotLegendary
547	Whimsicott	Grass	Fairy	???	???	0	480	480	480	MedFast	NotLegendary
548	Petilil	Grass	Grass	???	???	0	280	280	280	MedFast	NotLegendary
549	Lilligant	Grass	Grass	???	???	0	480	480	480	MedFast	NotLegendary
550	Basculin	Water	Water	???	???	0	460	460	460	MedFast	NotLegendary
551	Sandile	Ground	Dark	???	???	0	292	292	292	MedSlow	NotLegendary
552	Krokorok	Ground	Dark	???	???	0	351	351	351	MedSlow	NotLegendary
553	Krookodile	Ground	Dark	???	???	0	509	519	519	MedSlow	NotLegendary
554	Darumaka	Fire	Fire	???	???	0	315	315	315	MedSlow	NotLegendary
555	Darmanitan	Fire	Fire	???	???	0	480	480	480	MedSlow	NotLegendary
556	Maractus	Grass	Grass	???	???	0	461	461	461	MedFast	NotLegendary
557	Dwebble	Bug	Rock	???	???	0	325	325	325	MedFast	NotLegendary
558	Crustle	Bug	Rock	???	???	0	475	475	485	MedFast	NotLegendary
559	Scraggy	Dark	Fighting	???	???	0	348	348	348	MedFast	NotLegendary
560	Scrafty	Dark	Fighting	???	???	0	488	488	488	MedFast	NotLegendary
561	Sigilyph	Psychic	Flying	???	???	0	490	490	490	MedFast	NotLegendary
562	Yamask	Ghost	Ghost	???	???	0	303	303	303	MedFast	NotLegendary
563	Cofagrigus	Ghost	Ghost	???	???	0	483	483	483	MedFast	NotLegendary
564	Tirtouga	Water	Rock	???	???	0	355	355	355	MedFast	NotLegendary
565	Carracosta	Water	Rock	???	???	0	495	495	495	MedFast	NotLegendary
566	Archen	Rock	Flying	???	???	0	401	401	401	MedFast	NotLegendary
567	Archeops	Rock	Flying	???	???	0	567	567	567	MedFast	NotLegendary
568	Trubbish	Poison	Poison	???	???	0	329	329	329	MedFast	NotLegendary
569	Garbodor	Poison	Poison	???	???	0	474	474	474	MedFast	NotLegendary
570	Zorua	Dark	Dark	???	???	0	330	330	330	MedSlow	NotLegendary
571	Zoroark	Dark	Dark	???	???	0	510	510	510	MedSlow	NotLegendary
572	Minccino	Normal	Normal	???	???	0	300	300	300	Fast	NotLegendary
573	Cinccino	Normal	Normal	???	???	0	470	470	470	Fast	NotLegendary
574	Gothita	Psychic	Psychic	???	???	0	290	290	290	MedSlow	NotLegendary
575	Gothorita	Psychic	Psychic	???	???	0	390	390	390	MedSlow	NotLegendary
576	Gothitelle	Psychic	Psychic	???	???	0	490	490	490	MedSlow	NotLegendary
577	Solosis	Psychic	Psychic	???	???	0	290	290	290	MedSlow	NotLegendary
578	Duosion	Psychic	Psychic	???	???	0	370	370	370	MedSlow	NotLegendary
579	Reuniclus	Psychic	Psychic	???	???	0	490	490	490	MedSlow	NotLegendary
580	Ducklett	Water	Flying	???	???	0	305	305	305	MedFast	NotLegendary
581	Swanna	Water	Flying	???	???	0	473	473	473	MedFast	NotLegendary
582	Vanillite	Ice	Ice	???	???	0	305	305	305	Slow	NotLegendary
583	Vanillish	Ice	Ice	???	???	0	395	395	395	Slow	NotLegendary
584	Vanilluxe	Ice	Ice	???	???	0	535	535	535	Slow	NotLegendary
585	Deerling	Normal	Grass	???	???	0	335	335	335	MedFast	NotLegendary
586	Sawsbuck	Normal	Grass	???	???	0	475	475	475	MedFast	NotLegendary
587	Emolga	Electric	Flying	???	???	0	428	428	428	MedFast	NotLegendary
588	Karrablast	Bug	Bug	???	???	0	315	315	315	MedFast	NotLegendary
589	Escavalier	Bug	Steel	???	???	0	495	495	495	MedFast	NotLegendary
590	Foongus	Grass	Poison	???	???	0	294	294	294	MedFast	NotLegendary
591	Amoonguss	Grass	Poison	???	???	0	464	464	464	MedFast	NotLegendary
592	Frillish	Water	Ghost	???	???	0	335	335	335	MedFast	NotLegendary
593	Jellicent	Water	Ghost	???	???	0	480	480	480	MedFast	NotLegendary
594	Alomomola	Water	Water	???	???	0	470	470	470	Fast	NotLegendary
595	Joltik	Bug	Electric	???	???	0	319	319	319	MedFast	NotLegendary
596	Galvantula	Bug	Electric	???	???	0	472	472	472	MedFast	NotLegendary
597	Ferroseed	Grass	Steel	???	???	0	305	305	305	MedFast	NotLegendary
598	Ferrothorn	Grass	Steel	???	???	0	489	489	489	MedFast	NotLegendary
599	Klink	Steel	Steel	???	???	0	300	300	300	MedSlow	NotLegendary
600	Klang	Steel	Steel	???	???	0	440	440	440	MedSlow	NotLegendary
601	Klinklang	Steel	Steel	???	???	0	520	520	520	MedSlow	NotLegendary
602	Tynamo	Electric	Electric	???	???	0	275	275	275	Slow	NotLegendary
603	Eelektrik	Electric	Electric	???	???	0	405	405	405	Slow	NotLegendary
604	Eelektross	Electric	Electric	???	???	0	515	515	515	Slow	NotLegendary
605	Elgyem	Psychic	Psychic	???	???	0	335	335	335	MedFast	NotLegendary
606	Beheeyem	Psychic	Psychic	???	???	0	485	485	485	MedFast	NotLegendary
607	Litwick	Ghost	Fire	???	???	0	275	275	275	MedSlow	NotLegendary
608	Lampent	Ghost	Fire	???	???	0	370	370	370	MedSlow	NotLegendary
609	Chandelure	Ghost	Fire	???	???	0	520	520	520	MedSlow	NotLegendary
610	Axew	Dragon	Dragon	???	???	0	320	320	320	Slow	NotLegendary
611	Fraxure	Dragon	Dragon	???	???	0	410	410	410	Slow	NotLegendary
612	Haxorus	Dragon	Dragon	???	???	0	540	540	540	Slow	NotLegendary
613	Cubchoo	Ice	Ice	???	???	0	305	305	305	MedFast	NotLegendary
614	Beartic	Ice	Ice	???	???	0	485	485	505	MedFast	NotLegendary
615	Cryogonal	Ice	Ice	???	???	0	485	485	515	MedFast	NotLegendary
616	Shelmet	Bug	Bug	???	???	0	305	305	305	MedFast	NotLegendary
617	Accelgor	Bug	Bug	???	???	0	495	495	495	MedFast	NotLegendary
618	Stunfisk	Ground	Electric	???	???	0	471	471	471	MedFast	NotLegendary
619	Mienfoo	Fighting	Fighting	???	???	0	350	350	350	MedSlow	NotLegendary
620	Mienshao	Fighting	Fighting	???	???	0	510	510	510	MedSlow	NotLegendary
621	Druddigon	Dragon	Dragon	???	???	0	485	485	485	MedFast	NotLegendary
622	Golett	Ground	Ghost	???	???	0	303	303	303	MedFast	NotLegendary
623	Golurk	Ground	Ghost	???	???	0	483	483	483	MedFast	NotLegendary
624	Pawniard	Dark	Steel	???	???	0	340	340	340	MedFast	NotLegendary
625	Bisharp	Dark	Steel	???	???	0	490	490	490	MedFast	NotLegendary
626	Bouffalant	Normal	Normal	???	???	0	490	490	490	MedFast	NotLegendary
627	Rufflet	Normal	Flying	???	???	0	350	350	350	Slow	NotLegendary
628	Braviary	Normal	Flying	???	???	0	510	510	510	Slow	NotLegendary
629	Vullaby	Dark	Flying	???	???	0	370	370	370	Slow	NotLegendary
630	Mandibuzz	Dark	Flying	???	???	0	510	510	510	Slow	NotLegendary
631	Heatmor	Fire	Fire	???	???	0	484	484	484	MedFast	NotLegendary
632	Durant	Bug	Steel	???	???	0	484	484	484	MedFast	NotLegendary
633	Deino	Dark	Dragon	???	???	0	300	300	300	Slow	NotLegendary
634	Zweilous	Dark	Dragon	???	???	0	420	420	420	Slow	NotLegendary
635	Hydreigon	Dark	Dragon	???	???	0	600	600	600	Slow	NotLegendary
636	Larvesta	Bug	Fire	???	???	0	360	360	360	Slow	NotLegendary
637	Volcarona	Bug	Fire	???	???	0	550	550	550	Slow	NotLegendary
638	Cobalion	Steel	Fighting	???	???	0	580	580	580	Slow	Legendary
639	Terrakion	Rock	Fighting	???	???	0	580	580	580	Slow	Legendary
640	Virizion	Grass	Fighting	???	???	0	580	580	580	Slow	Legendary
641	Tornadus	Flying	Flying	???	???	0	580	580	580	Slow	Legendary
642	Thundurus	Electric	Flying	???	???	0	580	580	580	Slow	Legendary
643	Reshiram	Dragon	Fire	???	???	0	680	680	680	Slow	Legendary
644	Zekrom	Dragon	Electric	???	???	0	680	680	680	Slow	Legendary
645	Landorus	Ground	Flying	???	???	0	600	600	600	Slow	Legendary
646	Kyurem	Dragon	Ice	???	???	0	660	660	660	Slow	Legendary
647	Keldeo	Water	Fighting	???	???	0	580	580	580	Slow	Mythical
648	Meloetta	Normal	Psychic	???	???	0	600	600	600	Slow	Mythical
649	Genesect	Bug	Steel	???	???	0	600	600	600	Slow	Mythical
650	Chespin	Grass	Grass	???	???	0	0	313	313	MedSlow	NotLegendary
651	Quilladin	Grass	Grass	???	???	0	0	405	405	MedSlow	NotLegendary
652	Chesnaught	Grass	Fighting	???	???	0	0	530	530	MedSlow	NotLegendary
653	Fennekin	Fire	Fire	???	???	0	0	307	307	MedSlow	NotLegendary
654	Braixen	Fire	Fire	???	???	0	0	409	409	MedSlow	NotLegendary
655	Delphox	Fire	Psychic	???	???	0	0	534	534	MedSlow	NotLegendary
656	Froakie	Water	Water	???	???	0	0	314	314	MedSlow	NotLegendary
657	Frogadier	Water	Water	???	???	0	0	405	405	MedSlow	NotLegendary
658	Greninja	Water	Dark	???	???	0	0	530	530	MedSlow	NotLegendary
659	Bunnelby	Normal	Normal	???	???	0	0	237	237	MedFast	NotLegendary
660	Diggersby	Normal	Ground	???	???	0	0	423	423	MedFast	NotLegendary
661	Fletchling	Normal	Flying	???	???	0	0	278	278	MedSlow	NotLegendary
662	Fletchinder	Fire	Flying	???	???	0	0	382	382	MedSlow	NotLegendary
663	Talonflame	Fire	Flying	???	???	0	0	499	499	MedSlow	NotLegendary
664	Scatterbug	Bug	Bug	???	???	0	0	200	200	MedFast	NotLegendary
665	Spewpa	Bug	Bug	???	???	0	0	213	213	MedFast	NotLegendary
666	Vivillon	Bug	Flying	???	???	0	0	411	411	MedFast	NotLegendary
667	Litleo	Fire	Normal	???	???	0	0	369	369	MedSlow	NotLegendary
668	Pyroar	Fire	Normal	???	???	0	0	507	507	MedSlow	NotLegendary
669	Flabébé	Fairy	Fairy	???	???	0	0	303	303	MedFast	NotLegendary
670	Floette	Fairy	Fairy	???	???	0	0	371	371	MedFast	NotLegendary
671	Florges	Fairy	Fairy	???	???	0	0	552	552	MedFast	NotLegendary
672	Skiddo	Grass	Grass	???	???	0	0	350	350	MedFast	NotLegendary
673	Gogoat	Grass	Grass	???	???	0	0	531	531	MedFast	NotLegendary
674	Pancham	Fighting	Fighting	???	???	0	0	348	348	MedFast	NotLegendary
675	Pangoro	Fighting	Dark	???	???	0	0	495	495	MedFast	NotLegendary
676	Furfrou	Normal	Normal	???	???	0	0	472	472	MedFast	NotLegendary
677	Espurr	Psychic	Psychic	???	???	0	0	355	355	MedFast	NotLegendary
678	Meowstic	Psychic	Psychic	???	???	0	0	466	466	MedFast	NotLegendary
679	Honedge	Steel	Ghost	???	???	0	0	325	325	MedFast	NotLegendary
680	Doublade	Steel	Ghost	???	???	0	0	448	448	MedFast	NotLegendary
681	Aegislash	Steel	Ghost	???	???	0	0	520	520	MedFast	NotLegendary
682	Spritzee	Fairy	Fairy	???	???	0	0	341	341	MedFast	NotLegendary
683	Aromatisse	Fairy	Fairy	???	???	0	0	462	462	MedFast	NotLegendary
684	Swirlix	Fairy	Fairy	???	???	0	0	341	341	MedFast	NotLegendary
685	Slurpuff	Fairy	Fairy	???	???	0	0	480	480	MedFast	NotLegendary
686	Inkay	Dark	Psychic	???	???	0	0	288	288	MedFast	NotLegendary
687	Malamar	Dark	Psychic	???	???	0	0	482	482	MedFast	NotLegendary
688	Binacle	Rock	Water	???	???	0	0	306	306	MedFast	NotLegendary
689	Barbaracle	Rock	Water	???	???	0	0	500	500	MedFast	NotLegendary
690	Skrelp	Poison	Water	???	???	0	0	320	320	MedFast	NotLegendary
691	Dragalge	Poison	Dragon	???	???	0	0	494	494	MedFast	NotLegendary
692	Clauncher	Water	Water	???	???	0	0	330	330	Slow	NotLegendary
693	Clawitzer	Water	Water	???	???	0	0	500	500	Slow	NotLegendary
694	Helioptile	Electric	Normal	???	???	0	0	289	289	MedFast	NotLegendary
695	Heliolisk	Electric	Normal	???	???	0	0	481	481	MedFast	NotLegendary
696	Tyrunt	Rock	Dragon	???	???	0	0	362	362	MedFast	NotLegendary
697	Tyrantrum	Rock	Dragon	???	???	0	0	521	521	MedFast	NotLegendary
698	Amaura	Rock	Ice	???	???	0	0	362	362	MedFast	NotLegendary
699	Aurorus	Rock	Ice	???	???	0	0	521	521	MedFast	NotLegendary
700	Sylveon	Fairy	Fairy	???	???	0	0	525	525	MedFast	NotLegendary
701	Hawlucha	Fighting	Flying	???	???	0	0	500	500	MedFast	NotLegendary
702	Dedenne	Electric	Fairy	???	???	0	0	431	431	MedFast	NotLegendary
703	Carbink	Rock	Fairy	???	???	0	0	500	500	Slow	NotLegendary
704	Goomy	Dragon	Dragon	???	???	0	0	300	300	Slow	NotLegendary
705	Sliggoo	Dragon	Dragon	???	???	0	0	452	452	Slow	NotLegendary
706	Goodra	Dragon	Dragon	???	???	0	0	600	600	Slow	NotLegendary
707	Klefki	Steel	Fairy	???	???	0	0	470	470	Fast	NotLegendary
708	Phantump	Ghost	Grass	???	???	0	0	309	309	MedFast	NotLegendary
709	Trevenant	Ghost	Grass	???	???	0	0	474	474	MedFast	NotLegendary
710	Pumpkaboo	Ghost	Grass	???	???	0	0	335	335	MedFast	NotLegendary
711	Gourgeist	Ghost	Grass	???	???	0	0	494	494	MedFast	NotLegendary
712	Bergmite	Ice	Ice	???	???	0	0	304	304	MedFast	NotLegendary
713	Avalugg	Ice	Ice	???	???	0	0	514	514	MedFast	NotLegendary
714	Noibat	Flying	Dragon	???	???	0	0	245	245	MedFast	NotLegendary
715	Noivern	Flying	Dragon	???	???	0	0	535	535	MedFast	NotLegendary
716	Xerneas	Fairy	Fairy	???	???	0	0	680	680	Slow	Legendary
717	Yveltal	Dark	Flying	???	???	0	0	680	680	Slow	Legendary
718	Zygarde	Dragon	Ground	???	???	0	0	600	600	Slow	Legendary
719	Diancie	Rock	Fairy	???	???	0	0	600	600	Slow	Mythical
720	Hoopa	Psychic	Ghost	???	???	0	0	600	600	Slow	Mythical
721	Volcanion	Fire	Water	???	???	0	0	600	600	Slow	Mythical
722	Rowlet	Grass	Flying	???	???	0	0	0	320	MedSlow	NotLegendary
723	Dartrix	Grass	Flying	???	???	0	0	0	420	MedSlow	NotLegendary
724	Decidueye	Grass	Ghost	???	???	0	0	0	530	MedSlow	NotLegendary
725	Litten	Fire	Fire	???	???	0	0	0	320	MedSlow	NotLegendary
726	Torracat	Fire	Fire	???	???	0	0	0	420	MedSlow	NotLegendary
727	Incineroar	Fire	Dark	???	???	0	0	0	530	MedSlow	NotLegendary
728	Popplio	Water	Water	???	???	0	0	0	320	MedSlow	NotLegendary
729	Brionne	Water	Water	???	???	0	0	0	420	MedSlow	NotLegendary
730	Primarina	Water	Fairy	???	???	0	0	0	530	MedSlow	NotLegendary
731	Pikipek	Normal	Flying	???	???	0	0	0	265	MedFast	NotLegendary
732	Trumbeak	Normal	Flying	???	???	0	0	0	355	MedFast	NotLegendary
733	Toucannon	Normal	Flying	???	???	0	0	0	485	MedFast	NotLegendary
734	Yungoos	Normal	Normal	???	???	0	0	0	253	MedFast	NotLegendary
735	Gumshoos	Normal	Normal	???	???	0	0	0	418	MedFast	NotLegendary
736	Grubbin	Bug	Bug	???	???	0	0	0	300	MedFast	NotLegendary
737	Charjabug	Bug	Electric	???	???	0	0	0	400	MedFast	NotLegendary
738	Vikavolt	Bug	Electric	???	???	0	0	0	500	MedFast	NotLegendary
739	Crabrawler	Fighting	Fighting	???	???	0	0	0	338	MedFast	NotLegendary
740	Crabominable	Fighting	Ice	???	???	0	0	0	478	MedFast	NotLegendary
741	Oricorio	Fire	Flying	???	???	0	0	0	476	MedFast	NotLegendary
742	Cutiefly	Bug	Fairy	???	???	0	0	0	304	MedFast	NotLegendary
743	Ribombee	Bug	Fairy	???	???	0	0	0	464	MedFast	NotLegendary
744	Rockruff	Rock	Rock	???	???	0	0	0	280	MedFast	NotLegendary
745	Lycanroc	Rock	Rock	???	???	0	0	0	487	MedFast	NotLegendary
746	Wishiwashi	Water	Water	???	???	0	0	0	175	Fast	NotLegendary
747	Mareanie	Poison	Water	???	???	0	0	0	305	MedFast	NotLegendary
748	Toxapex	Poison	Water	???	???	0	0	0	495	MedFast	NotLegendary
749	Mudbray	Ground	Ground	???	???	0	0	0	385	MedFast	NotLegendary
750	Mudsdale	Ground	Ground	???	???	0	0	0	500	MedFast	NotLegendary
751	Dewpider	Water	Bug	???	???	0	0	0	269	MedFast	NotLegendary
752	Araquanid	Water	Bug	???	???	0	0	0	454	MedFast	NotLegendary
753	Fomantis	Grass	Grass	???	???	0	0	0	250	MedFast	NotLegendary
754	Lurantis	Grass	Grass	???	???	0	0	0	480	MedFast	NotLegendary
755	Morelull	Grass	Fairy	???	???	0	0	0	285	MedFast	NotLegendary
756	Shiinotic	Grass	Fairy	???	???	0	0	0	405	MedFast	NotLegendary
757	Salandit	Poison	Fire	???	???	0	0	0	320	MedFast	NotLegendary
758	Salazzle	Poison	Fire	???	???	0	0	0	480	MedFast	NotLegendary
759	Stufful	Normal	Fighting	???	???	0	0	0	340	MedFast	NotLegendary
760	Bewear	Normal	Fighting	???	???	0	0	0	500	MedFast	NotLegendary
761	Bounsweet	Grass	Grass	???	???	0	0	0	210	MedSlow	NotLegendary
762	Steenee	Grass	Grass	???	???	0	0	0	290	MedSlow	NotLegendary
763	Tsareena	Grass	Grass	???	???	0	0	0	510	MedSlow	NotLegendary
764	Comfey	Fairy	Fairy	???	???	0	0	0	485	Fast	NotLegendary
765	Oranguru	Normal	Psychic	???	???	0	0	0	490	Slow	NotLegendary
766	Passimian	Fighting	Fighting	???	???	0	0	0	490	Slow	NotLegendary
767	Wimpod	Bug	Water	???	???	0	0	0	230	MedFast	NotLegendary
768	Golisopod	Bug	Water	???	???	0	0	0	530	MedFast	NotLegendary
769	Sandygast	Ghost	Ground	???	???	0	0	0	320	MedFast	NotLegendary
770	Palossand	Ghost	Ground	???	???	0	0	0	480	MedFast	NotLegendary
771	Pyukumuku	Water	Water	???	???	0	0	0	410	Fast	NotLegendary
772	Type: Null	Normal	Normal	???	???	0	0	0	534	Slow	Legendary
773	Silvally	Normal	Normal	???	???	0	0	0	570	Slow	Legendary
774	Minior	Rock	Flying	???	???	0	0	0	440	MedSlow	NotLegendary
775	Komala	Normal	Normal	???	???	0	0	0	480	Slow	NotLegendary
776	Turtonator	Fire	Dragon	???	???	0	0	0	485	MedFast	NotLegendary
777	Togedemaru	Electric	Steel	???	???	0	0	0	435	MedFast	NotLegendary
778	Mimikyu	Ghost	Fairy	???	???	0	0	0	476	MedFast	NotLegendary
779	Bruxish	Water	Psychic	???	???	0	0	0	475	MedFast	NotLegendary
780	Drampa	Normal	Dragon	???	???	0	0	0	485	MedFast	NotLegendary
781	Dhelmise	Ghost	Grass	???	???	0	0	0	517	MedFast	NotLegendary
782	Jangmo-o	Dragon	Dragon	???	???	0	0	0	300	Slow	NotLegendary
783	Hakamo-o	Dragon	Fighting	???	???	0	0	0	420	Slow	NotLegendary
784	Kommo-o	Dragon	Fighting	???	???	0	0	0	600	Slow	NotLegendary
785	Tapu Koko	Electric	Fairy	???	???	0	0	0	570	Slow	Legendary
786	Tapu Lele	Psychic	Fairy	???	???	0	0	0	570	Slow	Legendary
787	Tapu Bulu	Grass	Fairy	???	???	0	0	0	570	Slow	Legendary
788	Tapu Fini	Water	Fairy	???	???	0	0	0	570	Slow	Legendary
789	Cosmog	Psychic	Psychic	???	???	0	0	0	200	Slow	Legendary
790	Cosmoem	Psychic	Psychic	???	???	0	0	0	400	Slow	Legendary
791	Solgaleo	Psychic	Steel	???	???	0	0	0	680	Slow	Legendary
792	Lunala	Psychic	Ghost	???	???	0	0	0	680	Slow	Legendary
793	Nihilego	Rock	Poison	???	???	0	0	0	570	Slow	Legendary
794	Buzzwole	Bug	Fighting	???	???	0	0	0	570	Slow	Legendary
795	Pheromosa	Bug	Fighting	???	???	0	0	0	570	Slow	Legendary
796	Xurkitree	Electric	Electric	???	???	0	0	0	570	Slow	Legendary
797	Celesteela	Steel	Flying	???	???	0	0	0	570	Slow	Legendary
798	Kartana	Grass	Steel	???	???	0	0	0	570	Slow	Legendary
799	Guzzlord	Dark	Dragon	???	???	0	0	0	570	Slow	Legendary
800	Necrozma	Psychic	Psychic	???	???	0	0	0	600	Slow	Legendary
801	Magearna	Steel	Fairy	???	???	0	0	0	600	Slow	Mythical
802	Marshadow	Fighting	Ghost	???	???	0	0	0	600	Slow	Mythical
803	Poipole	Poison	Poison	???	???	0	0	0	420	Slow	Legendary
804	Naganadel	Poison	Dragon	???	???	0	0	0	540	Slow	Legendary
805	Stakataka	Rock	Steel	???	???	0	0	0	570	Slow	Legendary
806	Blacephalon	Fire	Ghost	???	???	0	0	0	570	Slow	Legendary
807	Zeraora	Electric	Electric	???	???	0	0	0	600	Slow	Mythical
808	Meltan	Steel	Steel	???	???	0	0	0	300	Slow	Mythical
809	Melmetal	Steel	Steel	???	???	0	0	0	600	Slow	Mythical
810	Grookey	Grass	Grass	???	???	0	0	0	310	MedSlow	NotLegendary
811	Thwackey	Grass	Grass	???	???	0	0	0	420	MedSlow	NotLegendary
812	Rillaboom	Grass	Grass	???	???	0	0	0	530	MedSlow	NotLegendary
813	Scorbunny	Fire	Fire	???	???	0	0	0	310	MedSlow	NotLegendary
814	Raboot	Fire	Fire	???	???	0	0	0	420	MedSlow	NotLegendary
815	Cinderace	Fire	Fire	???	???	0	0	0	530	MedSlow	NotLegendary
816	Sobble	Water	Water	???	???	0	0	0	310	MedSlow	NotLegendary
817	Drizzile	Water	Water	???	???	0	0	0	420	MedSlow	NotLegendary
818	Inteleon	Water	Water	???	???	0	0	0	530	MedSlow	NotLegendary
819	Skwovet	Normal	Normal	???	???	0	0	0	275	MedFast	NotLegendary
820	Greedent	Normal	Normal	???	???	0	0	0	460	MedFast	NotLegendary
821	Rookidee	Flying	Flying	???	???	0	0	0	245	MedSlow	NotLegendary
822	Corvisquire	Flying	Flying	???	???	0	0	0	365	MedSlow	NotLegendary
823	Corviknight	Flying	Steel	???	???	0	0	0	495	MedSlow	NotLegendary
824	Blipbug	Bug	Bug	???	???	0	0	0	180	MedFast	NotLegendary
825	Dottler	Bug	Psychic	???	???	0	0	0	335	MedFast	NotLegendary
826	Orbeetle	Bug	Psychic	???	???	0	0	0	505	MedFast	NotLegendary
827	Nickit	Dark	Dark	???	???	0	0	0	245	Fast	NotLegendary
828	Thievul	Dark	Dark	???	???	0	0	0	455	Fast	NotLegendary
829	Gossifleur	Grass	Grass	???	???	0	0	0	250	MedFast	NotLegendary
830	Eldegoss	Grass	Grass	???	???	0	0	0	460	MedFast	NotLegendary
831	Wooloo	Normal	Normal	???	???	0	0	0	270	MedFast	NotLegendary
832	Dubwool	Normal	Normal	???	???	0	0	0	490	MedFast	NotLegendary
833	Chewtle	Water	Water	???	???	0	0	0	284	MedFast	NotLegendary
834	Drednaw	Water	Rock	???	???	0	0	0	485	MedFast	NotLegendary
835	Yamper	Electric	Electric	???	???	0	0	0	270	Fast	NotLegendary
836	Boltund	Electric	Electric	???	???	0	0	0	490	Fast	NotLegendary
837	Rolycoly	Rock	Rock	???	???	0	0	0	240	MedSlow	NotLegendary
838	Carkol	Rock	Fire	???	???	0	0	0	410	MedSlow	NotLegendary
839	Coalossal	Rock	Fire	???	???	0	0	0	510	MedSlow	NotLegendary
840	Applin	Grass	Dragon	???	???	0	0	0	260	Erratic	NotLegendary
841	Flapple	Grass	Dragon	???	???	0	0	0	485	Erratic	NotLegendary
842	Appletun	Grass	Dragon	???	???	0	0	0	485	Erratic	NotLegendary
843	Silicobra	Ground	Ground	???	???	0	0	0	315	MedFast	NotLegendary
844	Sandaconda	Ground	Ground	???	???	0	0	0	510	MedFast	NotLegendary
845	Cramorant	Flying	Water	???	???	0	0	0	475	MedFast	NotLegendary
846	Arrokuda	Water	Water	???	???	0	0	0	280	Slow	NotLegendary
847	Barraskewda	Water	Water	???	???	0	0	0	490	Slow	NotLegendary
848	Toxel	Electric	Poison	???	???	0	0	0	242	MedSlow	NotLegendary
849	Toxtricity	Electric	Poison	???	???	0	0	0	502	MedSlow	NotLegendary
850	Sizzlipede	Fire	Bug	???	???	0	0	0	305	MedFast	NotLegendary
851	Centiskorch	Fire	Bug	???	???	0	0	0	525	MedFast	NotLegendary
852	Clobbopus	Fighting	Fighting	???	???	0	0	0	310	MedSlow	NotLegendary
853	Grapploct	Fighting	Fighting	???	???	0	0	0	480	MedSlow	NotLegendary
854	Sinistea	Ghost	Ghost	???	???	0	0	0	308	MedFast	NotLegendary
855	Polteageist	Ghost	Ghost	???	???	0	0	0	508	MedFast	NotLegendary
856	Hatenna	Psychic	Psychic	???	???	0	0	0	265	Slow	NotLegendary
857	Hattrem	Psychic	Psychic	???	???	0	0	0	370	Slow	NotLegendary
858	Hatterene	Psychic	Fairy	???	???	0	0	0	510	Slow	NotLegendary
859	Impidimp	Dark	Fairy	???	???	0	0	0	265	MedFast	NotLegendary
860	Morgrem	Dark	Fairy	???	???	0	0	0	370	MedFast	NotLegendary
861	Grimmsnarl	Dark	Fairy	???	???	0	0	0	510	MedFast	NotLegendary
862	Obstagoon	Dark	Normal	???	???	0	0	0	520	MedFast	NotLegendary
863	Perrserker	Steel	Steel	???	???	0	0	0	440	MedFast	NotLegendary
864	Cursola	Ghost	Ghost	???	???	0	0	0	510	Fast	NotLegendary
865	Sirfetch'd	Fighting	Fighting	???	???	0	0	0	507	MedFast	NotLegendary
866	Mr. Rime	Ice	Psychic	???	???	0	0	0	520	MedFast	NotLegendary
867	Runerigus	Ground	Ghost	???	???	0	0	0	483	MedFast	NotLegendary
868	Milcery	Fairy	Fairy	???	???	0	0	0	270	MedFast	NotLegendary
869	Alcremie	Fairy	Fairy	???	???	0	0	0	495	MedFast	NotLegendary
870	Falinks	Fighting	Fighting	???	???	0	0	0	470	MedFast	NotLegendary
871	Pincurchin	Electric	Electric	???	???	0	0	0	435	MedFast	NotLegendary
872	Snom	Ice	Bug	???	???	0	0	0	185	MedFast	NotLegendary
873	Frosmoth	Ice	Bug	???	???	0	0	0	475	MedFast	NotLegendary
874	Stonjourner	Rock	Rock	???	???	0	0	0	470	Slow	NotLegendary
875	Eiscue	Ice	Ice	???	???	0	0	0	470	Slow	NotLegendary
876	Indeedee	Psychic	Normal	???	???	0	0	0	475	Fast	NotLegendary
877	Morpeko	Electric	Dark	???	???	0	0	0	436	MedFast	NotLegendary
878	Cufant	Steel	Steel	???	???	0	0	0	330	MedFast	NotLegendary
879	Copperajah	Steel	Steel	???	???	0	0	0	500	MedFast	NotLegendary
880	Dracozolt	Electric	Dragon	???	???	0	0	0	505	Slow	NotLegendary
881	Arctozolt	Electric	Ice	???	???	0	0	0	505	Slow	NotLegendary
882	Dracovish	Water	Dragon	???	???	0	0	0	505	Slow	NotLegendary
883	Arctovish	Water	Ice	???	???	0	0	0	505	Slow	NotLegendary
884	Duraludon	Steel	Dragon	???	???	0	0	0	535	MedFast	NotLegendary
885	Dreepy	Dragon	Ghost	???	???	0	0	0	270	Slow	NotLegendary
886	Drakloak	Dragon	Ghost	???	???	0	0	0	410	Slow	NotLegendary
887	Dragapult	Dragon	Ghost	???	???	0	0	0	600	Slow	NotLegendary
888	Zacian	Fairy	Fairy	???	???	0	0	0	670	Slow	Legendary
889	Zamazenta	Fighting	Fighting	???	???	0	0	0	670	Slow	Legendary
890	Eternatus	Poison	Dragon	???	???	0	0	0	690	Slow	Legendary
891	Kubfu	Fighting	Fighting	???	???	0	0	0	385	Slow	Legendary
892	Urshifu (Single Strike)	Fighting	Dark	???	???	0	0	0	550	Slow	Legendary
893	Zarude	Dark	Grass	???	???	0	0	0	600	Slow	Mythical
894	Regieleki	Electric	Electric	???	???	0	0	0	580	Slow	Legendary
895	Regidrago	Dragon	Dragon	???	???	0	0	0	580	Slow	Legendary
896	Glastrier	Ice	Ice	???	???	0	0	0	580	Slow	Legendary
897	Spectrier	Ghost	Ghost	???	???	0	0	0	580	Slow	Legendary
898	Calyrex	Psychic	Grass	???	???	0	0	0	500	Slow	Legendary
19A	Rattata (Alola)	Normal	Dark	???	???	218	253	253	253	MedFast	NotLegendary
20A	Raticate (Alola)	Normal	Dark	???	???	0	413	413	413	MedFast	NotLegendary
26A	Raichu (Alola)	Electric	Psychic	???	???	395	475	485	485	MedFast	NotLegendary
27A	Sandshrew (Alola)	Ice	Steel	???	???	0	300	300	300	MedFast	NotLegendary
28A	Sandslash (Alola)	Ice	Steel	???	???	0	450	450	450	MedFast	NotLegendary
37A	Vulpix (Alola)	Ice	Ice	???	???	249	299	299	299	MedFast	NotLegendary
38A	Ninetales (Alola)	Ice	Fairy	???	???	424	505	505	505	MedFast	NotLegendary
50A	Diglett (Alola)	Ground	Steel	???	???	230	265	265	265	MedFast	NotLegendary
51A	Dugtrio (Alola)	Ground	Steel	???	???	355	405	405	425	MedFast	NotLegendary
52A	Meowth (Alola)	Dark	Dark	???	???	0	290	290	290	MedFast	NotLegendary
53A	Persian (Alola)	Dark	Dark	???	???	0	440	440	440	MedFast	NotLegendary
74A	Geodude (Alola)	Rock	Electric	???	???	270	300	300	300	MedSlow	NotLegendary
75A	Graveler (Alola)	Rock	Electric	???	???	345	390	390	390	MedSlow	NotLegendary
76A	Golem (Alola)	Rock	Electric	???	???	420	485	495	495	MedSlow	NotLegendary
88A	Grimer (Alola)	Poison	Dark	???	???	275	325	325	325	MedFast	NotLegendary
89A	Muk (Alola)	Poison	Dark	???	???	400	500	500	500	MedFast	NotLegendary
103A	Exeggutor (Alola)	Grass	Dragon	???	???	455	520	520	530	Slow	NotLegendary
105A	Marowak (Alola)	Fire	Ghost	???	???	345	425	425	425	MedFast	NotLegendary
52G	Meowth (Galar)	Steel	Steel	???	???	0	290	290	290	MedFast	NotLegendary
77G	Ponyta (Galar)	Psychic	Psychic	???	???	345	410	410	410	MedFast	NotLegendary
78G	Rapidash (Galar)	Psychic	Fairy	???	???	420	500	500	500	MedFast	NotLegendary
79G	Slowpoke (Galar)	Psychic	Psychic	???	???	275	315	315	315	MedFast	NotLegendary
80G	Slowbro (Galar)	Poison	Psychic	???	???	0	490	490	490	MedFast	NotLegendary
83G	Farfetch'd (Galar)	Fighting	Fighting	???	???	290	352	352	377	MedFast	NotLegendary
110G	Weezing (Galar)	Poison	Fairy	???	???	420	490	490	490	MedFast	NotLegendary
122G	Mr. Mime (Galar)	Ice	Psychic	???	???	0	460	460	460	MedFast	NotLegendary
144G	Articuno (Galar)	Psychic	Flying	???	???	0	580	580	580	Slow	Legendary
145G	Zapdos (Galar)	Fighting	Flying	???	???	0	580	580	580	Slow	Legendary
146G	Moltres (Galar)	Dark	Flying	???	???	0	580	580	580	Slow	Legendary
199G	Slowking (Galar)	Poison	Psychic	???	???	0	490	490	490	MedFast	NotLegendary
222G	Corsola (Galar)	Ghost	Ghost	???	???	0	380	380	410	Fast	NotLegendary
263G	Zigzagoon (Galar)	Dark	Normal	???	???	0	240	240	240	MedFast	NotLegendary
264G	Linoone (Galar)	Dark	Normal	???	???	0	420	420	420	MedFast	NotLegendary
554G	Darumaka (Galar)	Ice	Ice	???	???	0	315	315	315	MedSlow	NotLegendary
555G	Darmanitan (Galar)	Ice	Ice	???	???	0	480	480	480	MedSlow	NotLegendary
562G	Yamask (Galar)	Ground	Ghost	???	???	0	303	303	303	MedFast	NotLegendary
618G	Stunfisk (Galar)	Ground	Steel	???	???	0	471	471	471	MedFast	NotLegendary
744DUSK	Rockruff (Dusk)	Rock	Rock	???	???	0	0	0	280	MedFast	NotLegendary
854RARE	Sinistea (Antique)	Ghost	Ghost	???	???	0	0	0	308	MedFast	NotLegendary
892WATER	Urshifu (Rapid Strike)	Fighting	Water	???	???	0	0	0	550	Slow	Legendary
